{"song":{"keyCount":4,"player1":"bf","modchartPath":"","player2":"pico","notes":[{"lengthInSteps":16,"sectionNotes":[[0,4,0,0,null],[62.5,5,0,0,null],[112.5,6,0,0,null],[164.583333333333,7,0,0,null],[220.833333333333,4,0,0,null],[266.666666666667,5,0,0,null],[325,6,0,0,null],[372.916666666667,7,168,0,null],[833.333333333333,7,0,0,null],[808.333333333333,7,0,0,null],[787.5,7,0,0,null],[764.583333333333,7,0,0,null],[739.583333333333,7,0,0,null],[727.083333333333,7,0,0,null],[708.333333333333,7,0,0,null],[681.25,7,0,0,null],[666.666666666667,7,0,0,null],[652.083333333333,7,0,0,null],[627.083333333333,7,0,0,null],[591.666666666667,7,0,0,null],[1166.66666666667,5,0,0,null],[1145.83333333333,5,0,0,null],[1122.91666666667,5,0,0,null],[1091.66666666667,5,0,0,null],[1064.58333333333,5,0,0,null],[1025,5,0,0,null],[991.666666666667,5,0,0,null],[970.833333333333,5,0,0,null],[945.833333333333,5,0,0,null],[916.666666666667,5,0,0,null],[1250,3,0,0,null]],"mustHitSection":true},{"lengthInSteps":16,"sectionNotes":[[1333.33333333333,2,0,0,null],[1375,1,0,0,null],[1435.41666666667,0,0,0,null],[1485.41666666667,3,0,0,null],[1539.58333333333,2,0,0,null],[1595.83333333333,1,0,0,null],[1637.5,0,0,0,null],[2000,0,0,0,null],[1979.16666666667,0,0,0,null],[1945.83333333333,0,0,0,null],[1920.83333333333,0,0,0,null],[1887.5,0,0,0,null],[1872.91666666667,0,0,0,null],[1845.83333333333,0,0,0,null],[1818.75,0,0,0,null],[1812.5,0,0,0,null],[1779.16666666667,0,0,0,null],[1764.58333333333,0,0,0,null],[1756.25,1,0,0,null],[1741.66666666667,1,0,0,null],[2333.33333333333,1,0,0,null],[2318.75,1,0,0,null],[2310.41666666667,1,0,0,null],[2293.75,1,0,0,null],[2277.08333333333,1,0,0,null],[2258.33333333333,1,0,0,null],[2231.25,1,0,0,null],[2214.58333333333,1,0,0,null],[2195.83333333333,1,0,0,null],[2175,1,0,0,null],[2150,1,0,0,null],[2129.16666666667,1,0,0,null],[2093.75,1,0,0,null],[2077.08333333333,1,0,0,null],[2583.33333333333,4,0,0,null],[2564.58333333333,4,0,0,null],[2554.16666666667,4,0,0,null],[2535.41666666667,4,0,0,null],[2504.16666666667,4,0,0,null],[2472.91666666667,4,0,0,null],[2452.08333333333,4,0,0,null],[2422.91666666667,4,0,0,null],[2406.25,4,0,0,null]],"mustHitSection":true},{"lengthInSteps":16,"sectionNotes":[[2916.66666666667,5,0,0,null],[2900,5,0,0,null],[2879.16666666667,5,0,0,null],[2854.16666666667,5,0,0,null],[2850,5,0,0,null],[2833.33333333333,5,0,0,null],[2797.91666666667,5,0,0,null],[2781.25,5,0,0,null],[2756.25,5,0,0,null],[2741.66666666667,5,0,0,null],[2716.66666666667,5,0,0,null],[2687.5,5,0,0,null],[2675,5,0,0,null],[3250,4,0,0,null],[3250,7,0,0,null],[3222.91666666667,4,0,0,null],[3204.16666666667,4,0,0,null],[3179.16666666667,4,0,0,null],[3147.91666666667,4,0,0,null],[3125,4,0,0,null],[3104.16666666667,4,0,0,null],[3079.16666666667,4,0,0,null],[3052.08333333333,4,0,0,null],[3027.08333333333,4,0,0,null],[2995.83333333333,4,0,0,null],[3218.75,7,0,0,null],[3202.08333333333,7,0,0,null],[3172.91666666667,7,0,0,null],[3145.83333333333,7,0,0,null],[3116.66666666667,7,0,0,null],[3091.66666666667,7,0,0,null],[3060.41666666667,7,0,0,null],[3020.83333333333,7,0,0,null],[3000,7,0,0,null],[3552.08333333333,5,0,0,null],[3497.91666666667,5,0,0,null],[3466.66666666667,5,0,0,null],[3425,5,0,0,null],[3377.08333333333,5,0,0,null],[3343.75,5,0,0,null],[3522.91666666667,6,0,0,null],[3489.58333333333,6,0,0,null],[3447.91666666667,6,0,0,null],[3402.08333333333,6,0,0,null],[3356.25,6,0,0,null],[3750,3,0,0,null],[3737.5,3,0,0,null],[3722.91666666667,3,0,0,null],[3697.91666666667,3,0,0,null],[3681.25,3,0,0,null],[3664.58333333333,3,0,0,null],[3643.75,3,0,0,null],[3620.83333333333,3,0,0,null],[3600,3,0,0,null],[3583.33333333333,3,0,0,null],[3916.66666666667,2,0,0,null],[3891.66666666667,2,0,0,null],[3870.83333333333,2,0,0,null],[3860.41666666667,2,0,0,null],[3847.91666666667,2,0,0,null],[3835.41666666667,2,0,0,null]],"mustHitSection":true},{"lengthInSteps":16,"sectionNotes":[[4000,2,0,0,null],[4666.66666666667,3,0,0,null],[4656.25,3,0,0,null],[4645.83333333333,3,0,0,null],[4629.16666666667,3,0,0,null],[4602.08333333333,3,0,0,null],[4581.25,3,0,0,null],[4558.33333333333,3,0,0,null],[4518.75,3,0,0,null],[4491.66666666667,3,0,0,null],[4464.58333333333,3,0,0,null],[4439.58333333333,3,0,0,null],[4410.41666666667,3,0,0,null],[4385.41666666667,3,0,0,null],[4368.75,3,0,0,null],[4335.41666666667,3,0,0,null],[4308.33333333333,3,0,0,null],[4254.16666666667,3,0,0,null],[4220.83333333333,3,0,0,null],[4172.91666666667,3,0,0,null],[4139.58333333333,3,0,0,null],[4104.16666666667,3,0,0,null],[4075,3,0,0,null],[4650,2,0,0,null],[4625,2,0,0,null],[4591.66666666667,2,0,0,null],[4547.91666666667,2,0,0,null],[4475,2,0,0,null],[4600,1,0,0,null],[4564.58333333333,1,0,0,null],[4502.08333333333,0,0,0,null],[4485.41666666667,0,0,0,null],[4416.66666666667,0,0,0,null],[4381.25,1,0,0,null],[4306.25,1,0,0,null],[4750,7,588,0,null],[4750,6,0,0,null],[4770.83333333333,5,0,0,null],[4810.41666666667,4,0,0,null],[4854.16666666667,5,0,0,null],[4885.41666666667,6,0,0,null],[4935.41666666667,5,0,0,null],[4981.25,4,0,0,null],[5027.08333333333,5,0,0,null],[5075,6,0,0,null],[5127.08333333333,5,0,0,null],[5191.66666666667,4,0,0,null],[5227.08333333333,5,0,0,null],[5285.41666666667,6,0,0,null]],"mustHitSection":true},{"lengthInSteps":16,"sectionNotes":[[5333.33333333333,6,504,0,null],[5833.33333333333,7,0,0,null],[5814.58333333333,5,0,0,null],[5787.5,4,0,0,null],[5739.58333333333,7,0,0,null],[5718.75,5,0,0,null],[5706.25,4,0,0,null],[5658.33333333333,7,0,0,null],[5631.25,5,0,0,null],[5622.91666666667,4,0,0,null],[5583.33333333333,7,0,0,null],[5575,5,0,0,null],[5558.33333333333,4,0,0,null],[5520.83333333333,7,0,0,null],[5506.25,5,0,0,null],[5500,4,0,0,null],[5450,4,0,0,null],[5447.91666666667,5,0,0,null],[5460.41666666667,7,0,0,null],[5418.75,4,0,0,null],[5414.58333333333,5,0,0,null],[5404.16666666667,7,0,0,null],[5366.66666666667,4,0,0,null],[5366.66666666667,5,0,0,null],[5350,7,0,0,null],[5916.66666666667,3,672,0,null],[5916.66666666667,0,672,0,null],[6583.33333333333,1,0,0,null],[6552.08333333333,1,0,0,null],[6522.91666666667,1,0,0,null],[6487.5,1,0,0,null],[6481.25,1,0,0,null],[6460.41666666667,1,0,0,null],[6443.75,1,0,0,null],[6406.25,1,0,0,null],[6372.91666666667,1,0,0,null],[6341.66666666667,1,0,0,null],[6341.66666666667,2,0,0,null],[6329.16666666667,2,0,0,null],[6293.75,2,0,0,null],[6268.75,2,0,0,null],[6235.41666666667,2,0,0,null],[6193.75,2,0,0,null],[6154.16666666667,2,0,0,null],[6102.08333333333,2,0,0,null],[6072.91666666667,2,0,0,null],[6047.91666666667,2,0,0,null],[6008.33333333333,2,0,0,null],[5972.91666666667,2,0,0,null],[5931.25,2,0,0,null]],"mustHitSection":true},{"lengthInSteps":16,"sectionNotes":[[6666.66666666667,3,0,0,null],[6666.66666666667,2,0,0,null],[6666.66666666667,1,0,0,null],[6666.66666666667,0,0,0,null],[6750,0,0,0,null],[6750,1,0,0,null],[6750,3,0,0,null],[6750,2,0,0,null],[6833.33333333333,3,0,0,null],[6833.33333333333,2,0,0,null],[6833.33333333333,1,0,0,null],[6833.33333333333,0,0,0,null],[7166.66666666667,4,0,0,null],[7133.33333333333,4,0,0,null],[7112.5,4,0,0,null],[7083.33333333333,4,0,0,null],[7043.75,4,0,0,null],[7016.66666666667,4,0,0,null],[6983.33333333333,4,0,0,null],[6937.5,4,0,0,null],[6916.66666666667,4,0,0,null],[7750,5,0,0,null],[7916.66666666667,7,0,0,null],[7895.83333333333,7,0,0,null],[7875,7,0,0,null],[7843.75,7,0,0,null],[7833.33333333333,7,0,0,null],[7714.58333333333,5,0,0,null],[7685.41666666667,5,0,0,null],[7645.83333333333,5,0,0,null],[7620.83333333333,5,0,0,null],[7587.5,5,0,0,null],[7570.83333333333,5,0,0,null],[7560.41666666667,5,0,0,null],[7533.33333333333,5,0,0,null],[7514.58333333333,5,0,0,null],[7497.91666666667,5,0,0,null],[7479.16666666667,5,0,0,null],[7431.25,5,0,0,null],[7412.5,5,0,0,null],[7389.58333333333,5,0,0,null],[7354.16666666667,5,0,0,null],[7302.08333333333,5,0,0,null],[7250,5,0,0,null]],"mustHitSection":true},{"lengthInSteps":16,