{"song":{"keyCount":4,"player1":"bf","modchartPath":"","player2":"pico","notes":[{"lengthInSteps":16,"sectionNotes":[[0,4,0,0],[62.5,5,0,0],[112.5,6,0,0],[164.583333333333,7,0,0],[220.833333333333,4,0,0],[266.666666666667,5,0,0],[325,6,0,0],[372.916666666667,7,168,0],[833.333333333333,7,0,0],[808.333333333333,7,0,0],[787.5,7,0,0],[764.583333333333,7,0,0],[739.583333333333,7,0,0],[727.083333333333,7,0,0],[708.333333333333,7,0,0],[681.25,7,0,0],[666.666666666667,7,0,0],[652.083333333333,7,0,0],[627.083333333333,7,0,0],[591.666666666667,7,0,0],[1166.66666666667,5,0,0],[1145.83333333333,5,0,0],[1122.91666666667,5,0,0],[1091.66666666667,5,0,0],[1064.58333333333,5,0,0],[1025,5,0,0],[991.666666666667,5,0,0],[970.833333333333,5,0,0],[945.833333333333,5,0,0],[916.666666666667,5,0,0],[1250,3,0,0]],"mustHitSection":true},{"lengthInSteps":16,"sectionNotes":[[1333.33333333333,2,0,0],[1375,1,0,0],[1435.41666666667,0,0,0],[1485.41666666667,3,0,0],[1539.58333333333,2,0,0],[1595.83333333333,1,0,0],[1637.5,0,0,0],[2000,0,0,0],[1979.16666666667,0,0,0],[1945.83333333333,0,0,0],[1920.83333333333,0,0,0],[1887.5,0,0,0],[1872.91666666667,0,0,0],[1845.83333333333,0,0,0],[1818.75,0,0,0],[1812.5,0,0,0],[1779.16666666667,0,0,0],[1764.58333333333,0,0,0],[1756.25,1,0,0],[1741.66666666667,1,0,0],[2333.33333333333,1,0,0],[2318.75,1,0,0],[2310.41666666667,1,0,0],[2293.75,1,0,0],[2277.08333333333,1,0,0],[2258.33333333333,1,0,0],[2231.25,1,0,0],[2214.58333333333,1,0,0],[2195.83333333333,1,0,0],[2175,1,0,0],[2150,1,0,0],[2129.16666666667,1,0,0],[2093.75,1,0,0],[2077.08333333333,1,0,0],[2583.33333333333,4,0,0],[2564.58333333333,4,0,0],[2554.16666666667,4,0,0],[2535.41666666667,4,0,0],[2504.16666666667,4,0,0],[2472.91666666667,4,0,0],[2452.08333333333,4,0,0],[2422.91666666667,4,0,0],[2406.25,4,0,0]],"mustHitSection":true},{"lengthInSteps":16,"sectionNotes":[[2916.66666666667,5,0,0],[2900,5,0,0],[2879.16666666667,5,0,0],[2854.16666666667,5,0,0],[2850,5,0,0],[2833.33333333333,5,0,0],[2797.91666666667,5,0,0],[2781.25,5,0,0],[2756.25,5,0,0],[2741.66666666667,5,0,0],[2716.66666666667,5,0,0],[2687.5,5,0,0],[2675,5,0,0],[3250,4,0,0],[3250,7,0,0],[3222.91666666667,4,0,0],[3204.16666666667,4,0,0],[3179.16666666667,4,0,0],[3147.91666666667,4,0,0],[3125,4,0,0],[3104.16666666667,4,0,0],[3079.16666666667,4,0,0],[3052.08333333333,4,0,0],[3027.08333333333,4,0,0],[2995.83333333333,4,0,0],[3218.75,7,0,0],[3202.08333333333,7,0,0],[3172.91666666667,7,0,0],[3145.83333333333,7,0,0],[3116.66666666667,7,0,0],[3091.66666666667,7,0,0],[3060.41666666667,7,0,0],[3020.83333333333,7,0,0],[3000,7,0,0],[3552.08333333333,5,0,0],[3497.91666666667,5,0,0],[3466.66666666667,5,0,0],[3425,5,0,0],[3377.08333333333,5,0,0],[3343.75,5,0,0],[3522.91666666667,6,0,0],[3489.58333333333,6,0,0],[3447.91666666667,6,0,0],[3402.08333333333,6,0,0],[3356.25,6,0,0],[3750,3,0,0],[3737.5,3,0,0],[3722.91666666667,3,0,0],[3697.91666666667,3,0,0],[3681.25,3,0,0],[3664.58333333333,3,0,0],[3643.75,3,0,0],[3620.83333333333,3,0,0],[3600,3,0,0],[3583.33333333333,3,0,0],[3916.66666666667,2,0,0],[3891.66666666667,2,0,0],[3870.83333333333,2,0,0],[3860.41666666667,2,0,0],[3847.91666666667,2,0,0],[3835.41666666667,2,0,0]],"mustHitSection":true},{"lengthInSteps":16,"sectionNotes":[[4000,2,0,0],[4666.66666666667,3,0,0],[4656.25,3,0,0],[4645.83333333333,3,0,0],[4629.16666666667,3,0,0],[4602.08333333333,3,0,0],[4581.25,3,0,0],[4558.33333333333,3,0,0],[4518.75,3,0,0],[4491.66666666667,3,0,0],[4464.58333333333,3,0,0],[4439.58333333333,3,0,0],[4410.41666666667,3,0,0],[4385.41666666667,3,0,0],[4368.75,3,0,0],[4335.41666666667,3,0,0],[4308.33333333333,3,0,0],[4254.16666666667,3,0,0],[4220.83333333333,3,0,0],[4172.91666666667,3,0,0],[4139.58333333333,3,0,0],[4104.16666666667,3,0,0],[4075,3,0,0],[4650,2,0,0],[4625,2,0,0],[4591.66666666667,2,0,0],[4547.91666666667,2,0,0],[4475,2,0,0],[4600,1,0,0],[4564.58333333333,1,0,0],[4502.08333333333,0,0,0],[4485.41666666667,0,0,0],[4416.66666666667,0,0,0],[4381.25,1,0,0],[4306.25,1,0,0],[4750,7,588,0],[4750,6,0,0],[4770.83333333333,5,0,0],[4810.41666666667,4,0,0],[4854.16666666667,5,0,0],[4885.41666666667,6,0,0],[4935.41666666667,5,0,0],[4981.25,4,0,0],[5027.08333333333,5,0,0],[5075,6,0,0],[5127.08333333333,5,0,0],[5191.66666666667,4,0,0],[5227.08333333333,5,0,0],[5285.41666666667,6,0,0]],"mustHitSection":true},{"lengthInSteps":16,"sectionNotes":[[5333.33333333333,6,504,0],[5833.33333333333,7,0,0],[5814.58333333333,5,0,0],[5787.5,4,0,0],[5739.58333333333,7,0,0],[5718.75,5,0,0],[5706.25,4,0,0],[5658.33333333333,7,0,0],[5631.25,5,0,0],[5622.91666666667,4,0,0],[5583.33333333333,7,0,0],[5575,5,0,0],[5558.33333333333,4,0,0],[5520.83333333333,7,0,0],[5506.25,5,0,0],[5500,4,0,0],[5450,4,0,0],[5447.91666666667,5,0,0],[5460.41666666667,7,0,0],[5418.75,4,0,0],[5414.58333333333,5,0,0],[5404.16666666667,7,0,0],[5366.66666666667,4,0,0],[5366.66666666667,5,0,0],[5350,7,0,0],[5916.66666666667,3,672,0],[5916.66666666667,0,672,0],[6583.33333333333,1,0,0],[6552.08333333333,1,0,0],[6522.91666666667,1,0,0],[6487.5,1,0,0],[6481.25,1,0,0],[6460.41666666667,1,0,0],[6443.75,1,0,0],[6406.25,1,0,0],[6372.91666666667,1,0,0],[6341.66666666667,1,0,0],[6341.66666666667,2,0,0],[6329.16666666667,2,0,0],[6293.75,2,0,0],[6268.75,2,0,0],[6235.41666666667,2,0,0],[6193.75,2,0,0],[6154.16666666667,2,0,0],[6102.08333333333,2,0,0],[6072.91666666667,2,0,0],[6047.91666666667,2,0,0],[6008.33333333333,2,0,0],[5972.91666666667,2,0,0],[5931.25,2,0,0]],"mustHitSection":true},{"lengthInSteps":16,"sectionNotes":[[6666.66666666667,3,0,0],[6666.66666666667,2,0,0],[6666.66666666667,1,0,0],[6666.66666666667,0,0,0],[6750,0,0,0],[6750,1,0,0],[6750,3,0,0],[6750,2,0,0],[6833.33333333333,3,0,0],[6833.33333333333,2,0,0],[6833.33333333333,1,0,0],[6833.33333333333,0,0,0],[7166.66666666667,4,0,0],[7133.33333333333,4,0,0],[7112.5,4,0,0],[7083.33333333333,4,0,0],[7043.75,4,0,0],[7016.66666666667,4,0,0],[6983.33333333333,4,0,0],[6937.5,4,0,0],[6916.66666666667,4,0,0],[7750,5,0,0],[7916.66666666667,7,0,0],[7895.83333333333,7,0,0],[7875,7,0,0],[7843.75,7,0,0],[7833.33333333333,7,0,0],[7714.58333333333,5,0,0],[7685.41666666667,5,0,0],[7645.83333333333,5,0,0],[7620.83333333333,5,0,0],[7587.5,5,0,0],[7570.83333333333,5,0,0],[7560.41666666667,5,0,0],[7533.33333333333,5,0,0],[7514.58333333333,5,0,0],[7497.91666666667,5,0,0],[7479.16666666667,5,0,0],[7431.25,5,0,0],[7412.5,5,0,0],[7389.58333333333,5,0,0],[7354.16666666667,5,0,0],[7302.08333333333,5,0,0],[7250,5,0,0]],"mustHitSection":true},{"lengthInSteps":16,"sectionNotes":[[9250,6,0,0],[9222.91666666667,6,0,0],[9189.58333333333,6,0,0],[9150,6,0,0],[9100,6,0,0],[9070.83333333333,6,0,0],[9033.33333333333,6,0,0],[8995.83333333333,6,0,0],[8962.5,6,0,0],[8918.75,6,0,0],[8881.25,6,0,0],[8845.83333333333,6,0,0],[8808.33333333333,6,0,0],[8772.91666666667,6,0,0],[8725,6,0,0],[8683.33333333333,6,0,0],[8641.66666666667,6,0,0],[8591.66666666667,6,0,0],[8564.58333333333,6,0,0],[8522.91666666667,6,0,0],[8489.58333333333,6,0,0],[8468.75,6,0,0],[8429.16666666667,6,0,0],[8404.16666666667,6,0,0],[8379.16666666667,6,0,0],[8354.16666666667,6,0,0],[8314.58333333333,6,0,0],[8277.08333333333,6,0,0],[8231.25,6,0,0],[8204.16666666667,6,0,0],[8147.91666666667,6,0,0],[8104.16666666667,6,0,0],[8056.25,6,0,0],[8010.41666666667,6,0,0],[8000,5,1260,0],[8000,7,1260,0],[8000,4,1260,0]],"mustHitSection":true},{"lengthInSteps":16,